id,object_type,slug,seo_title,seo_description,is_pillar_content,focus_keyword,seo_score,robots,advanced_robots,canonical_url,primary_term,schema_data,social_facebook_thumbnail,social_facebook_title,social_facebook_description,social_twitter_thumbnail,social_twitter_title,social_twitter_description,redirect_to,redirect_type
"3","post","gdpr-privacy-policy","GDPR Privacy Policy: 7 Essential Data Rights | Classic Security EOOD","Our GDPR Privacy Policy explains your data rights, cookie usage, and how we protect your personal  information. EU-compliant data protection for visitors and clients.","no","GDPR Privacy Policy","82","index","","","","","","","","","","","https://classicsecurity.net/gdpr-privacy-policy/","301"
"6","post","home","Enterprise Cybersecurity Solutions for GDPR Compliance","Enterprise cybersecurity solutions for SMEs &amp; enterprises. Protect your business with GDPR-compliant AI security across Bulgaria &amp; Europe.","no","Enterprise Cybersecurity Solutions,GDPR AI security,SME cybersecurity Europe,AI-driven security Bulgaria","94","index","","","","{""Organization"":{""metadata"":{""type"":""custom"",""title"":""Organization""},""@type"":""Organization"",""@id"":""https://classicsecurity.net/#organization"",""name"":""Classic Security EOOD"",""url"":""https://classicsecurity.net/"",""logo"":{""@type"":""ImageObject"",""@id"":""https://classicsecurity.net/#logo"",""url"":""https://classicsecurity.net/wp-content/uploads/classic-security-logo.png"",""contentUrl"":""https://classicsecurity.net/wp-content/uploads/classic-security-logo.png"",""caption"":""Classic Security EOOD"",""inLanguage"":""en-US"",""width"":""600"",""height"":""60""},""image"":{""@id"":""https://classicsecurity.net/#logo""},""description"":""Bulgaria's leading enterprise cybersecurity company specializing in AI-driven security solutions, GDPR-compliant protection, and zero-downtime firewall migrations for European businesses."",""founder"":{""@type"":""Person"",""name"":""Gennadius""},""foundingDate"":""2010"",""foundingLocation"":{""@type"":""Place"",""address"":{""@type"":""PostalAddress"",""addressLocality"":""Dobrich"",""addressCountry"":""BG""}},""address"":{""@type"":""PostalAddress"",""streetAddress"":""ul. Yordan Yovkov 2"",""addressLocality"":""Dobrich"",""addressRegion"":""Dobrich Province"",""postalCode"":""9300"",""addressCountry"":""BG""},""contactPoint"":[{""@type"":""ContactPoint"",""telephone"":""+359-88-25-1755"",""contactType"":""Customer Service"",""email"":""contact@varnaai.com"",""areaServed"":[""BG"",""DE"",""EU""],""availableLanguage"":[""English"",""Bulgarian"",""German""]},{""@type"":""ContactPoint"",""telephone"":""+359-88-25-1755"",""contactType"":""Technical Support"",""email"":""contact@varnaai.com"",""areaServed"":[""BG"",""DE"",""EU""],""availableLanguage"":[""English"",""Bulgarian"",""German""]}],""sameAs"":[""https://facebook.com/classicsecurityeood"",""https://linkedin.com/company/classic-security-eood"",""https://x.com/ClassicSec2010"",""https://instagram.com/classicsecurity2010""],""areaServed"":[{""@type"":""Country"",""name"":""Bulgaria""},{""@type"":""Country"",""name"":""Germany""},{""@type"":""Place"",""name"":""European Union""}],""knowsAbout"":[""Cybersecurity"",""Enterprise Security"",""GDPR Compliance"",""AI Security"",""Firewall Migration"",""Palo Alto Networks"",""Splunk Analytics"",""Network Security"",""Data Protection""],""slogan"":""Enterprise Cybersecurity Solutions for European Businesses""},""LocalBusiness"":{""metadata"":{""type"":""custom"",""title"":""LocalBusiness""},""@type"":""LocalBusiness"",""@id"":""https://classicsecurity.net/#localbusiness"",""name"":""Classic Security EOOD"",""image"":""https://classicsecurity.net/wp-content/uploads/classic-security-office.jpg"",""telephone"":""+359-88-25-1755"",""email"":""contact@varnaai.com"",""address"":{""@type"":""PostalAddress"",""streetAddress"":""ul. Yordan Yovkov 2"",""addressLocality"":""Dobrich"",""addressRegion"":""Dobrich Province"",""postalCode"":""9300"",""addressCountry"":""BG""},""geo"":{""@type"":""GeoCoordinates"",""latitude"":""43.5725"",""longitude"":""27.8272""},""url"":""https://classicsecurity.net/"",""priceRange"":""$$$"",""openingHoursSpecification"":[{""@type"":""OpeningHoursSpecification"",""dayOfWeek"":[""Monday"",""Tuesday"",""Wednesday"",""Thursday"",""Friday""],""opens"":""09:00"",""closes"":""17:00""}],""areaServed"":[{""@type"":""City"",""name"":""Dobrich"",""containedIn"":{""@type"":""Country"",""name"":""Bulgaria""}},{""@type"":""Country"",""name"":""Bulgaria""},{""@type"":""Country"",""name"":""Germany""},{""@type"":""Place"",""name"":""European Union""}],""hasOfferCatalog"":{""@type"":""OfferCatalog"",""name"":""Cybersecurity Services"",""itemListElement"":[{""@type"":""Offer"",""itemOffered"":{""@type"":""Service"",""name"":""Enterprise Cybersecurity Solutions"",""description"":""Comprehensive cybersecurity protection for SMEs and enterprises""}},{""@type"":""Offer"",""itemOffered"":{""@type"":""Service"",""name"":""GDPR Compliance Services"",""description"":""GDPR-compliant AI security and data protection""}},{""@type"":""Offer"",""itemOffered"":{""@type"":""Service"",""name"":""Palo Alto Firewall Migration"",""description"":""Zero-downtime firewall migrations and network security""}},{""@type"":""Offer"",""itemOffered"":{""@type"":""Service"",""name"":""Splunk AI/ML Analytics"",""description"":""AI-driven security analytics and threat detection""}}]}},""WebSite"":{""metadata"":{""type"":""custom"",""title"":""WebSite""},""@type"":""WebSite"",""@id"":""https://classicsecurity.net/#website"",""url"":""https://classicsecurity.net/"",""name"":""Classic Security EOOD | Enterprise Cybersecurity Solutions"",""description"":""Enterprise cybersecurity solutions for European SMEs. GDPR-compliant AI security, zero-downtime firewall migrations &amp; threat detection."",""publisher"":{""@id"":""https://classicsecurity.net/#organization""},""inLanguage"":""en-US"",""potentialAction"":{""@type"":""SearchAction"",""target"":{""@type"":""EntryPoint"",""urlTemplate"":""https://classicsecurity.net/?s={search_term_string}""},""query-input"":""required name=search_term_string""}},""ProfessionalService"":{""metadata"":{""type"":""custom"",""title"":""ProfessionalService""},""@type"":""ProfessionalService"",""@id"":""https://classicsecurity.net/#service"",""name"":""Enterprise Cybersecurity Services"",""description"":""Professional cybersecurity services for European businesses including GDPR compliance, AI security, and network protection"",""provider"":{""@id"":""https://classicsecurity.net/#organization""},""areaServed"":[{""@type"":""Country"",""name"":""Bulgaria""},{""@type"":""Country"",""name"":""Germany""},{""@type"":""Place"",""name"":""European Union""}],""serviceType"":[""Cybersecurity"",""Information Security"",""Network Security"",""Data Protection"",""GDPR Compliance""],""termsOfService"":""https://classicsecurity.net/terms/"",""providerMobility"":""static"",""hasOfferCatalog"":{""@id"":""https://classicsecurity.net/#localbusiness""}},""BreadcrumbList"":{""metadata"":{""type"":""custom"",""title"":""BreadcrumbList""},""@type"":""BreadcrumbList"",""@id"":""https://classicsecurity.net/#breadcrumb"",""itemListElement"":[{""@type"":""ListItem"",""position"":""1"",""name"":""Home"",""item"":""https://classicsecurity.net/""}]}}","https://classicsecurity.net/wp-content/uploads/2025/11/classic-security-enterprise-cybersecurity.png","Enterprise Cybersecurity Solutions | GDPR AI Security","Enterprise cybersecurity solutions for SMEs &amp; enterprises. Protect your business with GDPR-compliant AI security across Bulgaria &amp; Europe.","","","","",""
"7","post","enterprise-cybersecurity-services","7 Captivating Enterprise Cybersecurity Services for GDPR AI Protection","Explore 7 essential Enterprise Cybersecurity Services for GDPR AI protection that enhance your IT infrastructure and safeguard your business.","no","Enterprise Cybersecurity Services,GDPR-compliant AI security,SME cybersecurity Europe,secure IT infrastructure","88","index","","https://classicsecurity.net/enterprise-cybersecurity-services","","{""Service"":{""metadata"":{""type"":""custom"",""title"":""Service""},""@type"":""Service"",""serviceType"":""Enterprise Cybersecurity Services"",""provider"":{""@type"":""LocalBusiness"",""name"":""Classic Security EOOD"",""image"":""https://classicsecurity.net/wp-content/uploads/classic-security-logo.jpg"",""address"":{""@type"":""PostalAddress"",""streetAddress"":""Your Street Address"",""addressLocality"":""Dobrich"",""addressRegion"":""Dobrich Province"",""postalCode"":""9300"",""addressCountry"":""BG""},""geo"":{""@type"":""GeoCoordinates"",""latitude"":""43.5725"",""longitude"":""27.8272""},""telephone"":""+359-XX-XXX-XXXX"",""priceRange"":""\\u20ac\\u20ac\\u20ac"",""url"":""https://classicsecurity.net""},""areaServed"":[{""@type"":""Country"",""name"":""Bulgaria""},{""@type"":""Country"",""name"":""Germany""},{""@type"":""Place"",""name"":""European Union""}],""description"":""Enterprise cybersecurity services for SMEs protecting against cyber threats, data breaches, and ransomware attacks. GDPR-compliant solutions with AI-driven monitoring."",""offers"":{""@type"":""Offer"",""availability"":""https://schema.org/InStock""}},""Article"":{""metadata"":{""type"":""custom"",""title"":""Article""},""@type"":""Article"",""headline"":""Enterprise Cybersecurity Services: Protecting SMEs from Advanced Cyber Threats"",""description"":""Comprehensive cybersecurity solutions designed for small and medium enterprises to defend against sophisticated cyber threats, data breaches, and ransomware attacks."",""image"":""https://classicsecurity.net/wp-content/uploads/enterprise-cybersecurity-services-smes-cyber-threats.jpg"",""author"":{""@type"":""Organization"",""name"":""Classic Security EOOD""},""publisher"":{""@type"":""Organization"",""name"":""Classic Security EOOD"",""logo"":{""@type"":""ImageObject"",""url"":""https://classicsecurity.net/wp-content/uploads/classic-security-logo.jpg""}},""datePublished"":""2025-11-10"",""dateModified"":""2025-11-10""}}","https://classicsecurity.net/wp-content/uploads/2025/11/enterprise-cybersecurity-services.png","7 Mesmerizing Enterprise Cybersecurity Services for GDPR AI Protection","","","","","https://classicsecurity.net/enterprise-cybersecurity-services/","301"
"34","post","cybersecurity-blog","Top 10 Proven Cybersecurity Blog Insights for 2025 | Classic Security","Discover 2025â€™s proven cybersecurity blog insights, expert AI security tips, and protection strategies from Classic Security professionals.","no","Cybersecurity Blog,cyber security blog,security blog,cybersecurity articles,cybersecurity insights","85","index","","","","","","","","","","","",""
"1658","post","ai-marketing-trends-2025-bulgarian-businesses","Unlocking Guaranteed Success: AI Marketing Trends 2025 Bulgarian businesses","Discover the â‚¬2.3M ROI revolution and explore the AI marketing trends 2025 Bulgarian businesses need to succeed and thrive in the digital age.","no","AI marketing trends 2025 Bulgarian businesses","85","index","","","data-protection","","","AI Marketing Trends 2025 Bulgarian Businesses: â‚¬2.3M ROI Guide","AI marketing trends 2025 Bulgarian businesses transformation guide. Achieve â‚¬2.3M savings, 60% cost reduction &amp; 4x ROI with automation.
","","","","",""
"3896","post","ai-threat-detection","AI threat detection for SMEs: automated cybersecurity made simple","AI threat detection that prevents attacks in real time. Automate incident response and stay compliant with Classic Security.
","no","AI threat detection,cybersecurity automation,SOC automation,machine learning security,AI incident response,threat intelligence platform,anomaly detection,automated remediation,how does AI threat detection work?,what are the benefits of AI in cybersecurity?,is AI threat detection reliable for SMEs?","82","index","","","culture","{""BlogPosting"":{""metadata"":{""type"":""custom"",""title"":""Article""},""@type"":""BlogPosting"",""headline"":""AI Threat Detection for SMEs: Automated Cybersecurity Made Simple"",""description"":""AI threat detection that prevents attacks in real time. Automate incident response and stay compliant with Classic Security."",""image"":""https://classicsecurity.net/assets/ai-threat-detection-dashboard-1200x675.jpg"",""author"":{""@type"":""Organization"",""name"":""Classic Security""},""publisher"":{""@type"":""Organization"",""name"":""Classic Security"",""logo"":{""@type"":""ImageObject"",""url"":""https://classicsecurity.net/assets/logo.png""}},""mainEntityOfPage"":""https://classicsecurity.net/blog/ai-threat-detection"",""datePublished"":""2025-10-05"",""dateModified"":""2025-10-05""},""FAQPage"":{""metadata"":{""type"":""custom"",""title"":""FAQPage""},""@type"":""FAQPage"",""mainEntity"":[{""@type"":""Question"",""name"":""How does AI threat detection work?"",""acceptedAnswer"":{""@type"":""Answer"",""text"":""It analyzes logs, behavior, and network traffic to identify anomalies using ML models.""}},{""@type"":""Question"",""name"":""What are the benefits of AI in cybersecurity?"",""acceptedAnswer"":{""@type"":""Answer"",""text"":""Automation, accuracy, and 24/7 coverage. Reduces human fatigue and error.""}},{""@type"":""Question"",""name"":""Is AI threat detection reliable for SMEs?"",""acceptedAnswer"":{""@type"":""Answer"",""text"":""Yes. Cloud-native AI models scale to SME data volumes with affordable pricing.""}},{""@type"":""Question"",""name"":""Does it replace analysts?"",""acceptedAnswer"":{""@type"":""Answer"",""text"":""No. It augments them, handling repetitive tasks and surfacing critical incidents.""}},{""@type"":""Question"",""name"":""Is it GDPR and ISO compliant?"",""acceptedAnswer"":{""@type"":""Answer"",""text"":""Yes. Classic Security embeds compliance logging, encryption, and retention policies.""}},{""@type"":""Question"",""name"":""Can AI prevent phishing or ransomware?"",""acceptedAnswer"":{""@type"":""Answer"",""text"":""AI models detect behavioral patterns typical of phishing and isolate affected systems.""}}]}}","","","","","","","",""
"4654","post","secure-ai-for-smes-eu-ai-act-nis2","Secure AI for SMEs | EU AI Act & NIS2 Compliance Playbook 2025","Discover how Secure AI for SMEs ensures GDPR, EU AI Act & NIS2 compliance in 2025. Practical defense strategies to safeguard your AI systems.","no","Secure AI for SMEs","87","index","","","culture","","","Secure AI for SMEs | EU AI Act &amp; NIS2 Compliance Playbook 2025","Discover how Secure AI for SMEs ensures GDPR, EU AI Act &amp; NIS2 compliance in 2025. Practical defense strategies to safeguard your AI systems.","","","","",""
"4806","post","agentic-ai-applications","Agentic AI Applications: 7 Breakthrough Use Cases + Strategy | Varna AI ","Agentic AI Applications are transforming industries â€” discover 7 real use cases, strategy tips, and how Varna AI leads the way.  
","no","agentic AI applications","87","index","","","culture","{""Article"":{""metadata"":{""type"":""custom"",""title"":""Article""},""@type"":""Article"",""headline"":""Agentic AI Applications: A New Frontier for Businesses"",""alternativeHeadline"":""Agentic AI Applications - 7 Breakthrough Use Cases | Varna AI"",""description"":""Agentic AI Applications are transforming industries. Discover 7 real use cases, strategy tips, and how Varna AI leads the way."",""image"":[""https://varnaai.com/images/agentic-ai-applications-hero.webp"",""https://varnaai.com/images/agentic-ai-applications-statistics.webp"",""https://varnaai.com/images/agentic-ai-applications-trends.webp""],""author"":{""@type"":""Organization"",""name"":""Varna AI"",""url"":""https://varnaai.com""},""publisher"":{""@type"":""Organization"",""name"":""Varna AI"",""logo"":{""@type"":""ImageObject"",""url"":""https://varnaai.com/logo.png""}},""datePublished"":""2025-10-04"",""dateModified"":""2025-10-04"",""mainEntityOfPage"":""https://varnaai.com/agentic-ai-applications"",""keywords"":""Agentic AI Applications, AI agents, autonomous AI, AI governance, EU AI Act"",""wordCount"":""2200"",""timeRequired"":""PT9M"",""about"":{""@type"":""Thing"",""name"":""Agentic AI Applications""}},""FAQPage"":{""metadata"":{""type"":""custom"",""title"":""FAQPage""},""@type"":""FAQPage"",""mainEntity"":[{""@type"":""Question"",""name"":""What distinguishes Agentic AI Applications from chatbots or generative tools?"",""acceptedAnswer"":{""@type"":""Answer"",""text"":""Agentic AI Applications initiate, plan, and act autonomously, maintaining context over time, unlike chatbots which only respond to prompts.""}},{""@type"":""Question"",""name"":""Are Agentic AI Applications safe?"",""acceptedAnswer"":{""@type"":""Answer"",""text"":""Yes\\u2014when built with safety constraints, human oversight, and compliance with the EU AI Act, Agentic AI Applications can operate securely.""}},{""@type"":""Question"",""name"":""Which industries benefit most from Agentic AI Applications?"",""acceptedAnswer"":{""@type"":""Answer"",""text"":""Supply chain, maritime logistics, healthcare, smart infrastructure, and R&amp;D are early adopters gaining measurable ROI.""}},{""@type"":""Question"",""name"":""How costly is it to build an Agentic AI Application?"",""acceptedAnswer"":{""@type"":""Answer"",""text"":""Pilot Agentic AI Applications are affordable for SMEs; scaling multi-agent systems with governance layers requires higher investment.""}},{""@type"":""Question"",""name"":""How can SMEs start using Agentic AI Applications?"",""acceptedAnswer"":{""@type"":""Answer"",""text"":""Begin with a small, well-defined use case, integrate human oversight, evaluate results, then scale gradually.""}}]}}","","","","","","","",""
"316289","post","top-seo-trends-2025-what-marketers-need-to-know","Top SEO Trends 2025: What Marketers Need To Know Now","Discover the top SEO trends 2025 and learn what strategies marketers need to succeed in search rankings and digital growth. Call us today!","no","SEO Trends 2025","86","index","","","culture","","","","","","","","",""
"316464","post","ki-agenten-im-vertrieb","KI-Agenten im Vertrieb: 7 Ways to Boost Sales Success","KI-Agenten im Vertrieb steigern Effizienz und Umsatz. Automatisiere Lead-Qualifizierung und Kundenkommunikation mit Varna Agenten.","no","KI-Agenten im Vertrieb,Vertriebsautomatisierung,KI-Vertriebsassistent,Lead-Qualifizierung,digitale Agenten,KI im Vertrieb,Automatisierung im Verkauf,Kundenmanagement,wie funktionieren KI-Agenten im Vertrieb?,welche Vorteile bringt Vertriebsautomatisierung?,ist KI im Vertrieb DSGVO-konform?","84","index","","","ueba","{""BlogPosting"":{""metadata"":{""type"":""custom"",""title"":""Article""},""@type"":""BlogPosting"",""headline"":""KI-Agenten im Vertrieb: Wie intelligente Systeme den Verkauf automatisieren"",""description"":""KI-Agenten im Vertrieb steigern Effizienz und Umsatz. Automatisiere Lead-Qualifizierung und Kundenkommunikation mit Varna Agenten."",""image"":""https://varna-agenten.de/assets/ki-agenten-vertrieb-dashboard-1200x675.jpg"",""author"":{""@type"":""Organization"",""name"":""Varna Agenten""},""publisher"":{""@type"":""Organization"",""name"":""Varna Agenten"",""logo"":{""@type"":""ImageObject"",""url"":""https://varna-agenten.de/assets/logo.png""}},""mainEntityOfPage"":""https://varna-agenten.de/blog/ki-agenten-im-vertrieb"",""datePublished"":""2025-10-05"",""dateModified"":""2025-10-05""},""FAQPage"":{""metadata"":{""type"":""custom"",""title"":""FAQPage""},""@type"":""FAQPage"",""mainEntity"":[{""@type"":""Question"",""name"":""Wie funktionieren KI-Agenten im Vertrieb?"",""acceptedAnswer"":{""@type"":""Answer"",""text"":""Sie analysieren Kundendaten, bewerten Leads automatisch und f\\u00fchren erste Gespr\\u00e4che \\u00fcber E-Mail oder Chat.""}},{""@type"":""Question"",""name"":""Welche Vorteile bringt Vertriebsautomatisierung?"",""acceptedAnswer"":{""@type"":""Answer"",""text"":""Weniger Routineaufgaben, mehr Zeit f\\u00fcr Abschl\\u00fcsse, h\\u00f6here Conversion-Raten.""}},{""@type"":""Question"",""name"":""Ist KI im Vertrieb DSGVO-konform?"",""acceptedAnswer"":{""@type"":""Answer"",""text"":""Ja, wenn Einwilligungen dokumentiert und Daten pseudonymisiert werden.""}},{""@type"":""Question"",""name"":""Wie lange dauert die Einf\\u00fchrung?"",""acceptedAnswer"":{""@type"":""Answer"",""text"":""In der Regel 2\\u20134 Wochen, abh\\u00e4ngig von Systemlandschaft und Datenvolumen.""}},{""@type"":""Question"",""name"":""Brauchen Agenturen eigenes IT-Personal?"",""acceptedAnswer"":{""@type"":""Answer"",""text"":""Nein, Varna Agenten bietet Managed Services inklusive Wartung.""}},{""@type"":""Question"",""name"":""Wie kann ich starten?"",""acceptedAnswer"":{""@type"":""Answer"",""text"":""\\u00dcber /demo oder direkt mit einem Testzugang unter /signup.""}}]}}","","","","","","","",""
"316591","post","agentic-ai-automation-future-autonomous-systems__trashed","Agentic AI Automation: Transforming Autonomous Systems","Agentic AI automation drives business efficiency with autonomous AI systems that execute workflows and decisions intelligently.","no","agentic AI automation,autonomous AI systems,AI workflow automation,business automation tools,AI agents 2025,enterprise AI solutions,AI orchestration,AI productivity,what is agentic AI automation?,how do autonomous AI systems improve business efficiency?,what are the top AI agents in 2025?","81","","","https://varnaai.com/blog/agentic-ai-automation-future-autonomous-systems",,"{""BlogPosting"":{""metadata"":{""type"":""custom"",""title"":""Article""},""@type"":""BlogPosting"",""headline"":""Agentic AI Automation: The Future of Autonomous Systems"",""description"":""Agentic AI automation drives business efficiency with autonomous AI systems that execute workflows and decisions intelligently."",""author"":{""@type"":""Organization"",""name"":""Varna AI""},""publisher"":{""@type"":""Organization"",""name"":""Varna AI"",""url"":""https://varnaai.com""},""url"":""https://varnaai.com/blog/agentic-ai-automation-future-autonomous-systems"",""image"":""https://varnaai.com/images/agentic-ai-automation.jpg"",""mainEntityOfPage"":""https://varnaai.com/blog/agentic-ai-automation-future-autonomous-systems"",""datePublished"":""2025-10-11"",""inLanguage"":""en"",""isPartOf"":{""@type"":""WebSite"",""name"":""Varna AI Blog"",""url"":""https://varnaai.com/blog""}},""FAQPage"":{""metadata"":{""type"":""custom"",""title"":""FAQPage""},""@type"":""FAQPage"",""mainEntity"":[{""@type"":""Question"",""name"":""What is agentic AI automation?"",""acceptedAnswer"":{""@type"":""Answer"",""text"":""Agentic AI automation uses autonomous agents capable of planning and executing tasks with minimal human input.""}},{""@type"":""Question"",""name"":""How does it differ from traditional AI?"",""acceptedAnswer"":{""@type"":""Answer"",""text"":""Traditional AI reacts, while agentic AI acts proactively and collaborates with other agents.""}},{""@type"":""Question"",""name"":""Can Varna AI integrate with existing tools?"",""acceptedAnswer"":{""@type"":""Answer"",""text"":""Yes. Varna AI integrates via secure API and workflow connectors.""}},{""@type"":""Question"",""name"":""Is agentic AI GDPR-compliant?"",""acceptedAnswer"":{""@type"":""Answer"",""text"":""Yes, Varna AI logs all agent decisions and data flows for full auditability.""}},{""@type"":""Question"",""name"":""What industries benefit most?"",""acceptedAnswer"":{""@type"":""Answer"",""text"":""Finance, logistics, e-commerce, and manufacturing gain the most ROI.""}},{""@type"":""Question"",""name"":""How can I test the platform?"",""acceptedAnswer"":{""@type"":""Answer"",""text"":""Request a free demo at https://varnaai.com/demo to build a pilot agent.""}}]}}","","","","","","","",""
"316617","post","ai-agents-for-business-automation","5 Astounding Ways AI Agents for Business Automation Enhance Efficiency","Automate your workflows securely with AI agents for business automation. EU-hosted and GDPR-compliant, ready to scale your team. Book a demo today. AI Agents for Business Automation.","no","AI Agents for Business Automation,Autonomous AI Workflows,AI Process Automation,GDPR-Compliant AI Tools,AI agents Bulgaria","84","index","","","ai-bg","{""Service"":{""metadata"":{""type"":""custom"",""title"":""Service""},""@type"":""Service"",""name"":""AI Agents for Business Automation"",""provider"":{""@type"":""Organization"",""name"":""Varna AI"",""url"":""https://varnaai.com""},""areaServed"":""EU"",""serviceType"":""AI Automation"",""offers"":{""@type"":""Offer"",""url"":""https://varnaai.com/demo"",""priceCurrency"":""EUR"",""availability"":""https://schema.org/InStock""},""mainEntityOfPage"":""https://varnaai.com/ai-agents-for-business-automation""}}","","5 Astounding Ways AI Agents for Business Automation Enhance Efficiency","Automate your workflows securely with AI agents for business automation. EU-hosted and GDPR-compliant, ready to scale your team. Book a demo today. AI Agents for Business Automation.","","","","",""
"316622","post","autonomous-security-systems-ai-cybersecurity-2025","Autonomous Security Systems â€“ AI Cybersecurity Automation 2025","Autonomous Security Systems use AI to detect, prevent, and respond to threats automatically. Learn how cybersecurity automation reshapes digital defense in 2025.","no","Autonomous Security Systems,AI cybersecurity,automated threat detection,machine learning security,zero trust automation,cyber defense AI,AI incident response,autonomous network protection","83","index","","https://www.varnaai.com/autonomous-security-systems-ai-cybersecurity-2025",,"{""BlogPosting"":{""metadata"":{""type"":""custom"",""title"":""Article""},""@type"":""BlogPosting"",""headline"":""Autonomous Security Systems \\u2013 AI Cybersecurity Automation 2025"",""description"":""Autonomous Security Systems use AI to detect, prevent, and respond to threats automatically. Learn how cybersecurity automation reshapes digital defense in 2025."",""image"":""https://www.varnaai.com/images/featured-image.webp"",""author"":{""@type"":""Organization"",""name"":""Varna AI""},""publisher"":{""@type"":""Organization"",""name"":""Varna AI"",""logo"":{""@type"":""ImageObject"",""url"":""https://www.varnaai.com/logo.webp""}},""mainEntityOfPage"":{""@type"":""WebPage"",""@id"":""https://www.varnaai.com/autonomous-security-systems-ai-cybersecurity-2025""},""datePublished"":""2025-10-17"",""dateModified"":""2025-10-17"",""keywords"":""Autonomous Security Systems, AI cybersecurity, automated threat detection, machine learning security, zero trust automation, cyber defense AI, AI incident response, autonomous network protection"",""articleSection"":""Security &amp; Compliance"",""inLanguage"":""en"",""wordCount"":""2060""},""FAQPage"":{""metadata"":{""type"":""custom"",""title"":""FAQPage""},""@type"":""FAQPage"",""mainEntity"":[{""@type"":""Question"",""name"":""How do autonomous security systems prevent cyberattacks?"",""acceptedAnswer"":{""@type"":""Answer"",""text"":""They use real-time data correlation and behavioral models to identify and neutralize threats before impact.""}},{""@type"":""Question"",""name"":""What are the benefits of AI in cybersecurity automation?"",""acceptedAnswer"":{""@type"":""Answer"",""text"":""Improved accuracy, faster response times, reduced operational cost, and fewer false alerts.""}},{""@type"":""Question"",""name"":""Can machine learning replace traditional monitoring?"",""acceptedAnswer"":{""@type"":""Answer"",""text"":""Machine learning automates detection, but humans validate complex or contextual incidents.""}},{""@type"":""Question"",""name"":""Is autonomous security GDPR compliant?"",""acceptedAnswer"":{""@type"":""Answer"",""text"":""Yes, systems must include audit logs and transparency layers.""}},{""@type"":""Question"",""name"":""How fast do these systems respond to attacks?"",""acceptedAnswer"":{""@type"":""Answer"",""text"":""Milliseconds, depending on model inference speed and network latency.""}},{""@type"":""Question"",""name"":""Can SMEs afford autonomous systems?"",""acceptedAnswer"":{""@type"":""Answer"",""text"":""Yes, cloud-based security automation is cost-scalable and accessible to smaller enterprises.""}}]}}","","Title: Revolutionizing Cyber Defense: Autonomous Security Systems and AI Cybersecurity Automation for 2025","Discover how Autonomous Security Systems leverage AI for automated threat detection and incident response. Explore the future of machine learning security, zero trust automation, and autonomous network protection to enhance your cyber defense strategy in 2025. Stay ahead of emerging threats and safeguard your business with cutting-edge AI cybersecurity solutions.","","","","",""
"316645","post","multi-agent-ai-systems-enterprise-automation","7 Ways Multi-Agent AI Systems Are Unlocking New Opportunities","Multi-Agent AI Systems enhance enterprise automation through autonomous collaboration, intelligent orchestration, and distributed intelligence.","no","Multi-Agent AI Systems,AI collaboration,autonomous agents,intelligent automation,enterprise AI,agent-based systems,What are multi-agent AI systems?,How do autonomous agents work in business?","83","index","","https://varnaai.com/blog/multi-agent-ai-systems-enterprise-automation",,"{""BlogPosting"":{""metadata"":{""type"":""custom"",""title"":""Article""},""@type"":""BlogPosting"",""headline"":""Multi-Agent AI Systems: The Future of Enterprise Automation"",""description"":""Multi-Agent AI Systems enhance enterprise automation through autonomous collaboration, intelligent orchestration, and distributed intelligence."",""image"":""https://varnaai.com/blog/images/featured-image.webp"",""author"":{""@type"":""Organization"",""name"":""Varna AI""},""publisher"":{""@type"":""Organization"",""name"":""Varna AI"",""logo"":{""@type"":""ImageObject"",""url"":""https://varnaai.com/logo.png""}},""url"":""https://varnaai.com/blog/multi-agent-ai-systems-enterprise-automation"",""mainEntityOfPage"":{""@type"":""WebPage"",""@id"":""https://varnaai.com/blog/multi-agent-ai-systems-enterprise-automation""},""datePublished"":""2025-10-23"",""dateModified"":""2025-10-23"",""articleSection"":""AI Technology"",""keywords"":[""Multi-Agent AI Systems"",""autonomous agents"",""AI orchestration"",""distributed intelligence"",""enterprise automation""]},""FAQPage"":{""metadata"":{""type"":""custom"",""title"":""FAQPage""},""@type"":""FAQPage"",""mainEntity"":[{""@type"":""Question"",""name"":""What are Multi-Agent AI Systems?"",""acceptedAnswer"":{""@type"":""Answer"",""text"":""They are networks of autonomous agents collaborating to solve complex enterprise automation tasks using shared intelligence.""}},{""@type"":""Question"",""name"":""How do autonomous agents work in business?"",""acceptedAnswer"":{""@type"":""Answer"",""text"":""They analyze data, make independent decisions, and communicate with other agents to optimize workflows.""}},{""@type"":""Question"",""name"":""What industries benefit most?"",""acceptedAnswer"":{""@type"":""Answer"",""text"":""Manufacturing, finance, and IT services adopt multi-agent systems for process efficiency and risk reduction.""}},{""@type"":""Question"",""name"":""How is data security maintained?"",""acceptedAnswer"":{""@type"":""Answer"",""text"":""Security is achieved through zero-trust encryption, access control, and ISO 27001-compliant auditing.""}},{""@type"":""Question"",""name"":""What role does AI orchestration play?"",""acceptedAnswer"":{""@type"":""Answer"",""text"":""AI orchestration coordinates multiple agents to ensure optimal resource use and conflict-free collaboration.""}},{""@type"":""Question"",""name"":""Can SMEs afford multi-agent deployment?"",""acceptedAnswer"":{""@type"":""Answer"",""text"":""Yes. Modular Varna AI tiers enable affordable deployment for small and medium enterprises.""}}]}}","","","","","","","",""
"316896","post","sme-digital-transformation-2025-stats-roi-gdpr","SME Digital Transformation 2025: Proven ROI Secrets","SME digital transformation 2025: data, ROI models, barriers, GDPR tips, and secure implementation for EU small businesses.","no","SME digital transformation 2025, AI adoption in SMEs, SME automation ROI, barriers to SME digital transformation, GDPR compliance for SMEs, EU SME digital targets, SME cybersecurity best practices, What is the ROI of SME digital transformation in 2025?, How can SMEs automate GDPR compliance in 2025?, What barriers stop SME digital transformation in Europe?","85","index","","https://varnaai.com/blog/sme-digital-transformation-2025-stats-roi-gdpr","culture","{""BlogPosting"":{""metadata"":{""type"":""custom"",""title"":""Article""},""@type"":""BlogPosting"",""mainEntityOfPage"":{""@type"":""WebPage"",""@id"":""https://varnaai.com/blog/sme-digital-transformation-2025-stats-roi-gdpr""},""headline"":""SME digital transformation 2025: stats, ROI, and GDPR-ready playbooks"",""description"":""SME digital transformation 2025: data, ROI models, barriers, GDPR tips, and secure implementation for EU small businesses."",""image"":""https://varnaai.com/images/sme-digital-transformation-2025-dashboard.jpg"",""author"":{""@type"":""Organization"",""name"":""Varna AI""},""publisher"":{""@type"":""Organization"",""name"":""Varna AI"",""logo"":{""@type"":""ImageObject"",""url"":""https://varnaai.com/logo.png""}},""datePublished"":""2025-10-29"",""dateModified"":""2025-10-29"",""articleSection"":""Digital Transformation"",""keywords"":""SME digital transformation 2025, SME digitalisation statistics, AI adoption in SMEs, SME automation ROI, barriers to SME digital transformation, GDPR compliance for SMEs, EU SME digital targets, SME cybersecurity best practices""},""FAQPage"":{""metadata"":{""type"":""custom"",""title"":""FAQPage""},""@type"":""FAQPage"",""mainEntity"":[{""@type"":""Question"",""name"":""What is the ROI of SME digital transformation in 2025?"",""acceptedAnswer"":{""@type"":""Answer"",""text"":""Typical wins include 15\\u201340% cycle-time reductions and fewer errors. Anchor each initiative to KPIs and track benefits quarterly.""}},{""@type"":""Question"",""name"":""How can SMEs automate GDPR compliance in 2025?"",""acceptedAnswer"":{""@type"":""Answer"",""text"":""Automate DPIAs, vendor due diligence, RoPA updates, and access logging using templates and checklists; monitor EU simplification proposals.""}},{""@type"":""Question"",""name"":""What barriers stop SME digital transformation in Europe?"",""acceptedAnswer"":{""@type"":""Answer"",""text"":""Skills gaps, legacy systems, and uneven digital foundations. Budget for training and sequence projects properly before advanced AI.""}},{""@type"":""Question"",""name"":""Should SMEs pursue ISO 27001 certification?"",""acceptedAnswer"":{""@type"":""Answer"",""text"":""Yes if customers request assurance or you process sensitive data. Even without certification, adopting 27001 controls reduces risk.""}},{""@type"":""Question"",""name"":""Are AI tools safe for regulated data?"",""acceptedAnswer"":{""@type"":""Answer"",""text"":""Yes\\u2014with role-based access, encryption, DLP, logging, and vendor DPAs; run DPIAs for high-risk use cases.""}},{""@type"":""Question"",""name"":""What KPIs should SMEs track?"",""acceptedAnswer"":{""@type"":""Answer"",""text"":""Cycle time, cost per transaction, error rate, SLA adherence, CSAT/NPS, policy exceptions, and incident MTTR.""}}]}}","","ðŸ’¡ SME Digital Transformation 2025","The data proves it: digital leaders grow faster and stay secure.
Learn the 5 trends, ROI benchmarks, and compliance steps every SME needs.
ðŸ”’ Read the full guide â†’ varnaai.com/blog/sme-digital-transformation-2025-stats-roi-gdpr

#SME #AI #DigitalTransformation #GDPR #VarnaAI","","","","",""
"316986","post","gdpr-compliance-guide-european-smes","The Complete GDPR Compliance Guide for European SMEs: Avoid â‚¬20M Fines in 2025","Master GDPR compliance with this comprehensive guide. Learn data protection requirements, DPA essentials, DPIA processes, and how to avoid catastrophic fines. Practical steps for European SMEs.","no","GDPR compliance,data protection,European SMEs,GDPR fines,data processing agreement,DPIA","84","index","","","ai-bg","{""BreadcrumbList"":{""metadata"":{""type"":""custom"",""title"":""BreadcrumbList""},""@type"":""BreadcrumbList"",""itemListElement"":[{""@type"":""ListItem"",""name"":""Home"",""item"":""https://classicsecurity.net""},{""@type"":""ListItem"",""name"":""Blog"",""item"":""https://classicsecurity.net/blog""},{""@type"":""ListItem"",""name"":""GDPR &amp; Compliance"",""item"":""https://classicsecurity.net/blog/gdpr-compliance""},{""@type"":""ListItem"",""name"":""The Complete GDPR Compliance Guide for European SMEs: Avoid \\u20ac20M Fines in 2025"",""item"":""https://classicsecurity.net/gdpr-compliance-guide-european-smes/""}]},""Article"":{""metadata"":{""type"":""custom"",""title"":""Article""},""@type"":""Article"",""headline"":""The Complete GDPR Compliance Guide for European SMEs: Avoid \\u20ac20M Fines in 2025"",""description"":""Master GDPR compliance with this comprehensive guide. Learn data protection requirements, DPA essentials, DPIA processes, and how to avoid catastrophic fines. Practical steps for European SMEs."",""image"":""https://sintra-brainai-media.s3.us-east-1.amazonaws.com/98354260-a06a-40df-940e-b7c75f75646a/d848322b-9b2e-410a-b1fb-20bae2460fa6-GDPR_Compliance_Guide_for_European_SMEs"",""datePublished"":""2025-10-30"",""dateModified"":""2025-10-30"",""author"":{""@type"":""Organization"",""@id"":""https://classicsecurity.net"",""name"":""Classic Security EOOD""},""publisher"":{""@type"":""Organization"",""name"":""Classic Security EOOD"",""logo"":{""@type"":""ImageObject"",""url"":""https://classicsecurity.net/logo.png""}},""mainEntityOfPage"":{""@type"":""WebPage"",""@id"":""https://classicsecurity.net/gdpr-compliance-guide-european-smes/""}}}","","The Complete GDPR Compliance Guide for European SMEs: Avoid â‚¬20M Fines in 2025","Master GDPR compliance with this comprehensive guide. Learn data protection requirements, DPA essentials, DPIA processes, and how to avoid catastrophic fines. Practical steps for European SMEs.","","","","",""
"316990","post","nis2-compliance-guide","Achieve NIS2 Compliance: The Critical Guide for European Enterprises in 2025","Achieve NIS2 compliance with this critical guide. Learn EU cybersecurity directive requirements, implementation timeline, and how to protect critical infrastructure. Practical steps for European enterprises.","no","NIS2 compliance,NIS2,EU cybersecurity,critical infrastructure,network security,compliance framework","81","index","","","","","","","","","","","",""
"316998","post","firewall-management-best-practices-2025","7 Critical Firewall Management Best Practices 2025: Palo Alto &amp; Check Point","Firewall management best practices 2025 with Palo Alto and Check Point deliver 63% faster threat detection through zero trust integration and AI automation.","no","firewall management best practices 2025,Palo Alto firewall management,Check Point security best practices,NGFW management 2025,enterprise firewall optimization,zero trust firewall,AI-powered firewall,network security best practices,firewall policy management","86","index","","https://classicsecurity.net/firewall-management-best-practices-2025","network-security","{""FAQPage"":{""metadata"":{""type"":""custom"",""title"":""FAQPage""},""@type"":""FAQPage"",""mainEntity"":[{""@type"":""Question"",""name"":""What are firewall management best practices 2025?"",""acceptedAnswer"":{""@type"":""Answer"",""text"":""Firewall management best practices 2025 encompass systematic approaches to configuring, monitoring, and maintaining next-generation firewalls. Key practices include application-based policies, comprehensive traffic decryption, network segmentation, AI-powered threat detection, cloud-native architectures, continuous policy optimization, and centralized orchestration. Organizations achieve 63% faster threat detection and 47% fewer security incidents through proper implementation.""}},{""@type"":""Question"",""name"":""How do Palo Alto and Check Point compare for enterprise firewall management?"",""acceptedAnswer"":{""@type"":""Answer"",""text"":""Both Palo Alto Networks and Check Point rank as Leaders in Gartner's Magic Quadrant for network firewalls. Palo Alto's security performance and ease of use provide slight advantages. Check Point excels in scalability with cluster designs supporting up to 1 terabit per second throughput. Platform selection depends on specific organizational requirements including performance needs, existing infrastructure, and administrative expertise.""}},{""@type"":""Question"",""name"":""What role do firewalls play in zero trust architecture?"",""acceptedAnswer"":{""@type"":""Answer"",""text"":""NGFWs serve as critical enforcement points within zero trust architectures. They validate every network connection request regardless of source location or previous authentication. Micro-segmentation capabilities prevent lateral movement by creating security boundaries around individual workloads. Identity-based access control ties firewall policies to users and devices rather than network locations.""}},{""@type"":""Question"",""name"":""How does AI improve firewall management in 2025?"",""acceptedAnswer"":{""@type"":""Answer"",""text"":""Artificial intelligence reduces false positives by up to 71% according to vendor testing. Behavioral analysis detects zero-day threats based on deviation from normal patterns. Policy optimization tools use AI to analyze traffic flows and recommend security improvements automatically. Machine learning models trained on billions of samples identify malicious activities invisible to traditional detection methods.""}},{""@type"":""Question"",""name"":""What are the benefits of cloud-native firewall deployments?"",""acceptedAnswer"":{""@type"":""Answer"",""text"":""Cloud-native NGFWs reduce threat detection time by 63% and security incidents by 47% compared to traditional appliances. Elastic scaling handles traffic spikes automatically. SaaS firewall services eliminate hardware refresh cycles. SASE architectures integrate firewall capabilities with SD-WAN and zero trust network access for comprehensive protection.""}},{""@type"":""Question"",""name"":""How often should firewall policies be reviewed and optimized?"",""acceptedAnswer"":{""@type"":""Answer"",""text"":""Organizations should conduct comprehensive policy reviews quarterly at minimum. Automated policy optimization tools enable continuous analysis. Change management processes should include policy impact analysis before implementation. Regular optimization removes unused rules that degrade performance.""}}]},""BlogPosting"":{""metadata"":{""type"":""custom"",""title"":""Article""},""@type"":""BlogPosting"",""headline"":""7 Critical Firewall Management Best Practices 2025: Palo Alto &amp; Check Point"",""description"":""Firewall management best practices 2025 with Palo Alto and Check Point deliver 63% faster threat detection through zero trust integration and AI automation."",""image"":""https://classicsecurity.net/wp-content/uploads/firewall-management-best-practices-2025.jpg"",""author"":{""@type"":""Organization"",""name"":""Classic Security EOOD""},""publisher"":{""@type"":""Organization"",""name"":""Classic Security"",""logo"":{""@type"":""ImageObject"",""url"":""https://classicsecurity.net/wp-content/uploads/classic-security-logo.png""}},""datePublished"":""2025-01-08"",""dateModified"":""2025-01-08"",""mainEntityOfPage"":{""@type"":""WebPage"",""@id"":""https://classicsecurity.net/blog/firewall-management-best-practices-2025""},""keywords"":""firewall management best practices 2025, Palo Alto Networks, Check Point, NGFW management, zero trust firewall, AI-powered security, network security"",""articleSection"":""Network Security"",""wordCount"":""3624"",""timeRequired"":""PT18M""}}","","","","","","","",""
"317021","post","enterprise-cybersecurity-solutions","5 Enterprise Cybersecurity Solutions | Classic Security EOOD","Enterprise Cybersecurity Solutions for organizations across Bulgaria, Germany, and Europe. ISO
  27001 certified security services, 24/7 threat monitoring, and GDPR-compliant protection.","no","Enterprise Cybersecurity Solution","90","index","","","","{""Organization"":{""metadata"":{""type"":""custom"",""title"":""Organization""},""@type"":""Organization"",""@id"":""https://classicsecurity.net/#organization"",""name"":""Classic Security EOOD"",""employee"":[{""@type"":""Person"",""name"":""Gennadius"",""jobTitle"":""Chief Security Officer"",""description"":""Chief Security Officer with 17+ years experience in enterprise cybersecurity, ISO 27001 lead implementer, and CCIE security certified professional"",""worksFor"":{""@id"":""https://classicsecurity.net/#organization""},""knowsAbout"":[""Enterprise Cybersecurity"",""ISO 27001"",""CCIE Security"",""Security Architecture"",""Threat Intelligence""],""hasCredential"":[{""@type"":""EducationalOccupationalCredential"",""credentialCategory"":""Professional Certification"",""name"":""CCIE Security""},{""@type"":""EducationalOccupationalCredential"",""credentialCategory"":""Professional Certification"",""name"":""ISO 27001 Lead Implementer""}],""image"":{""@type"":""ImageObject"",""url"":""https://classicsecurity.net/wp-content/uploads/gennadius-cso.jpg"",""caption"":""Gennadius - Chief Security Officer""}},{""@type"":""Person"",""name"":""Vanderbilt"",""jobTitle"":""Director of Operations"",""description"":""Director of Operations overseeing Security Operations Center, incident response coordination, and client relationship management across European markets"",""worksFor"":{""@id"":""https://classicsecurity.net/#organization""},""knowsAbout"":[""Security Operations Center"",""Incident Response"",""Client Relationship Management"",""Security Operations"",""European Markets""],""image"":{""@type"":""ImageObject"",""url"":""https://classicsecurity.net/wp-content/uploads/vanderbilt-director-operations.jpg"",""caption"":""Vanderbilt - Director of Operations""}}]}}","https://classicsecurity.net/wp-content/uploads/2025/11/enterprise-cybersecurity-solutions.png","","","","","","https://classicsecurity.net/enterprise-cybersecurity-solutions/","301"
"317108","post","enterprise-firewall-change-management-system","5 Fascinating Benefits of Enterprise Firewall Change Management","Enterprise firewall change management system with zero-downtime migrations, automated workflows, Jira integration, policy conflict detection &amp; GDPR compliance. Trusted by European businesses.","no","Enterprise Firewall Change Management,firewall change management,automated firewall management,firewall change control system,zero downtime firewall migration,policy conflict detection","90","index","","https://classicsecurity.net/enterprise-firewall-change-management-system/","","{""Service"":{""metadata"":{""type"":""custom"",""title"":""Service""},""@type"":""Service"",""@id"":""https://classicsecurity.net/enterprise-firewall-change-management-system/#service"",""name"":""Enterprise Firewall Change Management System"",""description"":""Comprehensive enterprise firewall change management system featuring zero-downtime migrations, automated workflows, multi-vendor platform support, Jira integration, automated policy conflict detection, IP address management (IPAM), comprehensive compliance reporting, and role-based access control for European businesses."",""provider"":{""@id"":""https://classicsecurity.net/#organization""},""serviceType"":[""Firewall Change Management"",""Network Security Management"",""IT Change Management"",""Compliance Management""],""areaServed"":[{""@type"":""Country"",""name"":""Bulgaria""},{""@type"":""Country"",""name"":""Germany""},{""@type"":""Place"",""name"":""European Union""}],""audience"":{""@type"":""Audience"",""audienceType"":""Enterprise Businesses, SMEs, IT Departments""},""hasOfferCatalog"":{""@type"":""OfferCatalog"",""name"":""Firewall Change Management Features"",""itemListElement"":[{""@type"":""Offer"",""itemOffered"":{""@type"":""Service"",""name"":""Multi-Vendor Platform Support"",""description"":""Support for Palo Alto Networks, Cisco ASA, Fortinet, Check Point, and Juniper firewalls""}},{""@type"":""Offer"",""itemOffered"":{""@type"":""Service"",""name"":""Complete Jira Integration"",""description"":""Seamless integration with Atlassian Jira for automated ticket workflows""}},{""@type"":""Offer"",""itemOffered"":{""@type"":""Service"",""name"":""Automated Policy Conflict Detection"",""description"":""Real-time detection of firewall rule conflicts and shadowing""}},{""@type"":""Offer"",""itemOffered"":{""@type"":""Service"",""name"":""IP Address Management (IPAM)"",""description"":""Integrated IPAM for IPv4 and IPv6 address allocation and tracking""}},{""@type"":""Offer"",""itemOffered"":{""@type"":""Service"",""name"":""Comprehensive Compliance Reporting"",""description"":""GDPR, PCI-DSS, ISO 27001 compliance documentation and audit trails""}},{""@type"":""Offer"",""itemOffered"":{""@type"":""Service"",""name"":""Role-Based Access Control"",""description"":""Granular permission management with hierarchical approval workflows""}}]},""brand"":{""@type"":""Brand"",""name"":""Classic Security EOOD""},""offers"":{""@type"":""Offer"",""availability"":""https://schema.org/InStock"",""priceRange"":""$$$"",""priceCurrency"":""EUR""}},""WebPage"":{""metadata"":{""type"":""custom"",""title"":""WebPage""},""@type"":""WebPage"",""@id"":""https://classicsecurity.net/enterprise-firewall-change-management-system/#webpage"",""url"":""https://classicsecurity.net/enterprise-firewall-change-management-system/"",""name"":""Enterprise Firewall Change Management System | Zero-Downtime"",""isPartOf"":{""@id"":""https://classicsecurity.net/#website""},""about"":{""@id"":""https://classicsecurity.net/enterprise-firewall-change-management-system/#service""},""description"":""Enterprise firewall change management with zero-downtime migrations, automated workflows, Jira integration &amp; full compliance. Multi-vendor platform support."",""inLanguage"":""en-US"",""breadcrumb"":{""@id"":""https://classicsecurity.net/enterprise-firewall-change-management-system/#breadcrumb""},""potentialAction"":{""@type"":""ReadAction"",""target"":[""https://classicsecurity.net/enterprise-firewall-change-management-system/""]}},""BreadcrumbList"":{""metadata"":{""type"":""custom"",""title"":""BreadcrumbList""},""@type"":""BreadcrumbList"",""@id"":""https://classicsecurity.net/enterprise-firewall-change-management-system/#breadcrumb"",""itemListElement"":[{""@type"":""ListItem"",""position"":""1"",""name"":""Home"",""item"":""https://classicsecurity.net/""},{""@type"":""ListItem"",""position"":""2"",""name"":""Services"",""item"":""https://classicsecurity.net/services/""},{""@type"":""ListItem"",""position"":""3"",""name"":""Enterprise Firewall Change Management System"",""item"":""https://classicsecurity.net/enterprise-firewall-change-management-system/""}]},""SoftwareApplication"":{""metadata"":{""type"":""custom"",""title"":""SoftwareApplication""},""@type"":""SoftwareApplication"",""@id"":""https://classicsecurity.net/enterprise-firewall-change-management-system/#software"",""name"":""Enterprise Firewall Change Management System"",""applicationCategory"":""SecurityApplication"",""operatingSystem"":""Web-based"",""offers"":{""@type"":""Offer"",""price"":""Contact for pricing"",""priceCurrency"":""EUR""},""featureList"":[""Multi-Vendor Platform Support"",""Complete Jira Integration"",""Automated Policy Conflict Detection"",""IP Address Management (IPAM)"",""Comprehensive Compliance Reporting"",""Role-Based Access Control"",""Zero-Downtime Migrations"",""Automated Workflows"",""Real-Time Monitoring"",""Rollback Procedures""],""provider"":{""@id"":""https://classicsecurity.net/#organization""}}}","https://classicsecurity.net/wp-content/uploads/2025/11/enterprise-firewall-change-management-og-1200x630-1.png","Enterprise Firewall Change Management System | Zero-Downtime Migrations","Streamline firewall changes with automated workflows, multi-vendor support, Jira integration, policy conflict detection &amp; full GDPR compliance. Trusted by European enterprises.","","","","",""
"317136","post","security-consulting-contact","5 Key Benefits of Our Security Consulting Contact","","no","Security Consulting Contact","82","index","","","","","","","","","","","",""
"317143","post","top-5-tips-for-successful-enterprise-security-projects","Top 5 Tips for Successful Enterprise Security Projects","Learn key strategies for successful Enterprise Security Projects to enhance compliance and operational efficiency.","no","Enterprise Security Projects","81","index","","","","","","","","","","","",""
"317187","post","meet-our-cybersecurity-experts","5 Ways Cybersecurity Experts Empower Your Business Now","Discover how our Cybersecurity Experts enhance security and compliance for automotive businesses through advanced firewall migrations and modernization.","no","Cybersecurity Experts","90","index","","","","","","","","","","","",""
"317228","post","enterprise-security-services","Enterprise Security Services: 7 Critical Solutions for Global Infrastructure Protection","Enterprise Security Services delivering expert firewall management, security architecture, and 24/7 SOC monitoring across Palo Alto, Check Point, Cisco, Fortinet. ISO 27001 Lead Implementer with 17+ years experience managing 900+ firewalls for Fortune 500 enterprises globally.","no","Enterprise Security Services","82","index","","","","","","","","","","","",""
"317325","post","cookie-policy-gdpr-bulgaria","Cookie Policy GDPR Bulgaria: Essential Guide for Businesses","Learn how to implement a Cookie Policy for GDPR compliance in Bulgaria and enhance customer trust in your business.","no","Cookie policy GDPR Bulgaria","47","","","","","","","","","","","","https://classicsecurity.net/cookie-policy-gdpr-bulgaria/","301"
"20","term","backup","","","n/a","","","","","","n/a","n/a","","","","","","","",""
"37","term","application","","","n/a","","","","","","n/a","n/a","","","","","","","",""
"38","term","artificial","","","n/a","","","","","","n/a","n/a","","","","","","","",""
"44","term","agency","","","n/a","","","","","","n/a","n/a","","","","","","","",""
"45","term","ai","","","n/a","","","","","","n/a","n/a","","","","","","","",""
"49","term","agentur","","","n/a","","","","","","n/a","n/a","","","","","","","",""
"50","term","agency","","","n/a","","","","","","n/a","n/a","","","","","","","",""
"51","term","ai-bg","","","n/a","","","","","","n/a","n/a","","","","","","","",""
"58","term","aws","","","n/a","","","","","","n/a","n/a","","","","","","","",""
"59","term","azure","","","n/a","","","","","","n/a","n/a","","","","","","","",""
"65","term","ai-bg","","","n/a","","","","","","n/a","n/a","","","","","","","",""
"74","term","ai-services","","","n/a","","","","","","n/a","n/a","","","","","","","",""
"75","term","bulgarian-ai-innovation","","","n/a","","","","","","n/a","n/a","","","","","","","",""
"78","term","ai-machine-learning","","","n/a","","","","","","n/a","n/a","","","","","","","",""
"79","term","ai-security","","","n/a","","","","","","n/a","n/a","","","","","","","",""
"82","term","access-control","","","n/a","","","","","","n/a","n/a","","","","","","","",""
"99","term","ai-technology-project-management-business-automation-digital-transformation-security-compliance-sme-solutions-industry-insights-how-to-guides","","","n/a","","","","","","n/a","n/a","","","","","","","",""
"100","term","anomaly-monitoring","","","n/a","","","","","","n/a","n/a","","","","","","","",""
"102","term","asset-inventory","","","n/a","","","","","","n/a","n/a","","","","","","","",""
"111","term","ai-workflow-automation","","","n/a","","","","","","n/a","n/a","","","","","","","",""
"115","term","ai-agents","","","n/a","","","","","","n/a","n/a","","","","","","","",""
"126","term","ai-threat-detection","","","n/a","","","","","","n/a","n/a","","","","","","","",""
"130","term","automated-response","","","n/a","","","","","","n/a","n/a","","","","","","","",""
"133","term","behavioral-analytics","","","n/a","","","","","","n/a","n/a","","","","","","","",""
"140","term","ai-data-protection-eu","","","n/a","","","","","","n/a","n/a","","","","","","","",""
"141","term","ai-solutions-for-smes","","","n/a","","","","","","n/a","n/a","","","","","","","",""
"150","term","agiles-projektmanagement","","","n/a","","","","","","n/a","n/a","","","","","","","",""
"164","term","ai-in-bulgaria","","","n/a","","","","","","n/a","n/a","","","","","","","",""
"165","term","ai-tools","","","n/a","","","","","","n/a","n/a","","","","","","","",""
"166","term","automation-strategy","","","n/a","","","","","","n/a","n/a","","","","","","","",""
"170","term","agentensoftware","","","n/a","","","","","","n/a","n/a","","","","","","","",""
"182","term","agentic-ai","","","n/a","","","","","","n/a","n/a","","","","","","","",""
"183","term","ai-automation","","","n/a","","","","","","n/a","n/a","","","","","","","",""
"184","term","ai-in-business","","","n/a","","","","","","n/a","n/a","","","","","","","",""
"185","term","ai-productivity","","","n/a","","","","","","n/a","n/a","","","","","","","",""
"186","term","autonomous-systems","","","n/a","","","","","","n/a","n/a","","","","","","","",""
"187","term","business-efficiency","","","n/a","","","","","","n/a","n/a","","","","","","","",""
"194","term","ai-in-small-business","","","n/a","","","","","","n/a","n/a","","","","","","","",""
"195","term","ai-technology","","","n/a","","","","","","n/a","n/a","","","","","","","",""
"207","term","ai-automation-2","","","n/a","","","","","","n/a","n/a","","","","","","","",""
"208","term","ai-cybersecurity","","","n/a","","","","","","n/a","n/a","","","","","","","",""
"209","term","ai-incident-response","","","n/a","","","","","","n/a","n/a","","","","","","","",""
"210","term","autonomous-security","","","n/a","","","","","","n/a","n/a","","","","","","","",""
"216","term","agent-based-systems","","","n/a","","","","","","n/a","n/a","","","","","","","",""
"217","term","ai-collaboration","","","n/a","","","","","","n/a","n/a","","","","","","","",""
"218","term","ai-orchestration","","","n/a","","","","","","n/a","n/a","","","","","","","",""
"219","term","ai-trends-2025","","","n/a","","","","","","n/a","n/a","","","","","","","",""
"220","term","autonomous-agents","","","n/a","","","","","","n/a","n/a","","","","","","","",""
"221","term","business-ai","","","n/a","","","","","","n/a","n/a","","","","","","","",""
"238","term","ai-firewall-security","","","n/a","","","","","","n/a","n/a","","","","","","","",""
"12","term","culture","","","n/a","","","","","","n/a","n/a","","","","","","","",""
"31","term","clients","","","n/a","","","","","","n/a","n/a","","","","","","","",""
"32","term","design","","","n/a","","","","","","n/a","n/a","","","","","","","",""
"39","term","data","","","n/a","","","","","","n/a","n/a","","","","","","","",""
"42","term","development","","","n/a","","","","","","n/a","n/a","","","","","","","",""
"54","term","compliance-regulations","","","n/a","","","","","","n/a","n/a","","","","","","","",""
"55","term","data-protection","","","n/a","","","","","","n/a","n/a","","","","","","","",""
"56","term","gdpr","","","n/a","","","","","","n/a","n/a","","","","","","","",""
"60","term","cloud-security","","","n/a","","","","","","n/a","n/a","","","","","","","",""
"61","term","cloud-security","","","n/a","","","","","","n/a","n/a","","","","","","","",""
"62","term","gcp","","","n/a","","","","","","n/a","n/a","","","","","","","",""
"71","term","datenanalyse","","","n/a","","","","","","n/a","n/a","","","","","","","",""
"76","term","digital-transformation","","","n/a","","","","","","n/a","n/a","","","","","","","",""
"86","term","forensics","","","n/a","","","","","","n/a","n/a","","","","","","","",""
"90","term","edr","","","n/a","","","","","","n/a","n/a","","","","","","","",""
"91","term","endpoint","","","n/a","","","","","","n/a","n/a","","","","","","","",""
"92","term","endpoint-security","","","n/a","","","","","","n/a","n/a","","","","","","","",""
"104","term","dcs","","","n/a","","","","","","n/a","n/a","","","","","","","",""
"117","term","data-governance","","","n/a","","","","","","n/a","n/a","","","","","","","",""
"120","term","change-management","","","n/a","","","","","","n/a","n/a","","","","","","","",""
"127","term","endpoint-detection","","","n/a","","","","","","n/a","n/a","","","","","","","",""
"132","term","cybersecurity-ai","","","n/a","","","","","","n/a","n/a","","","","","","","",""
"135","term","cybersecurity","","","n/a","","","","","","n/a","n/a","","","","","","","",""
"136","term","cybersecurity-strategien","","","n/a","","","","","","n/a","n/a","","","","","","","",""
"137","term","firewall-migration-2025","","","n/a","","","","","","n/a","n/a","","","","","","","",""
"142","term","federated-learning-gdpr","","","n/a","","","","","","n/a","n/a","","","","","","","",""
"151","term","datengetriebene-entscheidungen","","","n/a","","","","","","n/a","n/a","","","","","","","",""
"152","term","echtzeit-datenanalyse","","","n/a","","","","","","n/a","n/a","","","","","","","",""
"171","term","chatbots","","","n/a","","","","","","n/a","n/a","","","","","","","",""
"172","term","crm-automatisierung","","","n/a","","","","","","n/a","n/a","","","","","","","",""
"173","term","digitale-agenten","","","n/a","","","","","","n/a","n/a","","","","","","","",""
"174","term","dsgvo-compliance","","","n/a","","","","","","n/a","n/a","","","","","","","",""
"188","term","digital-transformation-2025","","","n/a","","","","","","n/a","n/a","","","","","","","",""
"189","term","enterprise-ai","","","n/a","","","","","","n/a","n/a","","","","","","","",""
"196","term","cloud-adoption","","","n/a","","","","","","n/a","n/a","","","","","","","",""
"197","term","digital-intensity-index","","","n/a","","","","","","n/a","n/a","","","","","","","",""
"198","term","dpia-tools","","","n/a","","","","","","n/a","n/a","","","","","","","",""
"199","term","enisa-guidance","","","n/a","","","","","","n/a","n/a","","","","","","","",""
"200","term","eu-digital-targets","","","n/a","","","","","","n/a","n/a","","","","","","","",""
"211","term","cyber-defense","","","n/a","","","","","","n/a","n/a","","","","","","","",""
"212","term","data-protection-2","","","n/a","","","","","","n/a","n/a","","","","","","","",""
"222","term","digital-transformation","","","n/a","","","","","","n/a","n/a","","","","","","","",""
"223","term","distributed-intelligence","","","n/a","","","","","","n/a","n/a","","","","","","","",""
"224","term","enterprise-ai-2","","","n/a","","","","","","n/a","n/a","","","","","","","",""
"228","term","firewall-management","","","n/a","","","","","","n/a","n/a","","","","","","","",""
"229","term","check-point","","","n/a","","","","","","n/a","n/a","","","","","","","",""
"232","term","firewall-management-best-practices-2025","","","n/a","","","","","","n/a","n/a","","","","","","","",""
"234","term","firewall-optimization","","","n/a","","","","","","n/a","n/a","","","","","","","",""
"235","term","enterprise-firewall","","","n/a","","","","","","n/a","n/a","","","","","","","",""
"240","term","cloud-firewall","","","n/a","","","","","","n/a","n/a","","","","","","","",""
"33","term","marketing","","","n/a","","","","","","n/a","n/a","","","","","","","",""
"35","term","industry-insights","","","n/a","","","","","","n/a","n/a","","","","","","","",""
"40","term","it-security","","","n/a","","","","","","n/a","n/a","","","","","","","",""
"41","term","machine","","","n/a","","","","","","n/a","n/a","","","","","","","",""
"52","term","it-solutions","","","n/a","","","","","","n/a","n/a","","","","","","","",""
"53","term","machine-learning","","","n/a","","","","","","n/a","n/a","","","","","","","",""
"63","term","law","","","n/a","","","","","","n/a","n/a","","","","","","","",""
"64","term","ki","","","n/a","","","","","","n/a","n/a","","","","","","","",""
"66","term","it-Ñ€ÐµÑˆÐµÐ½Ð¸Ñ","","","n/a","","","","","","n/a","n/a","","","","","","","",""
"68","term","it-losungen","","","n/a","","","","","","n/a","n/a","","","","","","","",""
"69","term","ki","","","n/a","","","","","","n/a","n/a","","","","","","","",""
"70","term","maschinelles-lernen","","","n/a","","","","","","n/a","n/a","","","","","","","",""
"77","term","local-business-solutions","","","n/a","","","","","","n/a","n/a","","","","","","","",""
"80","term","machine-learning","","","n/a","","","","","","n/a","n/a","","","","","","","",""
"83","term","network-security","","","n/a","","","","","","n/a","n/a","","","","","","","",""
"84","term","network-segmentation","","","n/a","","","","","","n/a","n/a","","","","","","","",""
"87","term","incident-response","","","n/a","","","","","","n/a","n/a","","","","","","","",""
"88","term","incident-response","","","n/a","","","","","","n/a","n/a","","","","","","","",""
"94","term","ndr","","","n/a","","","","","","n/a","n/a","","","","","","","",""
"105","term","industrial-cybersecurity","","","n/a","","","","","","n/a","n/a","","","","","","","",""
"108","term","iec-62443","","","n/a","","","","","","n/a","n/a","","","","","","","",""
"112","term","hyperautomation","","","n/a","","","","","","n/a","n/a","","","","","","","",""
"113","term","low-code","","","n/a","","","","","","n/a","n/a","","","","","","","",""
"116","term","iso-27001","","","n/a","","","","","","n/a","n/a","","","","","","","",""
"118","term","gdpr-compliance","","","n/a","","","","","","n/a","n/a","","","","","","","",""
"121","term","integration-platforms","","","n/a","","","","","","n/a","n/a","","","","","","","",""
"123","term","kpi-tracking","","","n/a","","","","","","n/a","n/a","","","","","","","",""
"125","term","incident-management","","","n/a","","","","","","n/a","n/a","","","","","","","",""
"128","term","malware-analysis","","","n/a","","","","","","n/a","n/a","","","","","","","",""
"134","term","machine-learning-security","","","n/a","","","","","","n/a","n/a","","","","","","","",""
"138","term","gdpr-compliance-it","","","n/a","","","","","","n/a","n/a","","","","","","","",""
"143","term","gdpr-compliance","","","n/a","","","","","","n/a","n/a","","","","","","","",""
"144","term","gdpr-compliant-ai","","","n/a","","","","","","n/a","n/a","","","","","","","",""
"153","term","ki-prognosen","","","n/a","","","","","","n/a","n/a","","","","","","","",""
"154","term","ki-reporting","","","n/a","","","","","","n/a","n/a","","","","","","","",""
"155","term","ki-risikovorhersage","","","n/a","","","","","","n/a","n/a","","","","","","","",""
"156","term","ki-tools-deutschland","","","n/a","","","","","","n/a","n/a","","","","","","","",""
"157","term","machine-learning-projekte","","","n/a","","","","","","n/a","n/a","","","","","","","",""
"167","term","how-to-guides","","","n/a","","","","","","n/a","n/a","","","","","","","",""
"175","term","ki-im-verkauf","","","n/a","","","","","","n/a","n/a","","","","","","","",""
"176","term","ki-agenten-im-vertrieb","","","n/a","","","","","","n/a","n/a","","","","","","","",""
"177","term","kundenbindung","","","n/a","","","","","","n/a","n/a","","","","","","","",""
"178","term","lead-scoring","","","n/a","","","","","","n/a","n/a","","","","","","","",""
"179","term","marketing-automation","","","n/a","","","","","","n/a","n/a","","","","","","","",""
"190","term","intelligent-agents","","","n/a","","","","","","n/a","n/a","","","","","","","",""
"201","term","gdpr-automation","","","n/a","","","","","","n/a","n/a","","","","","","","",""
"202","term","legacy-systems","","","n/a","","","","","","n/a","n/a","","","","","","","",""
"225","term","intelligent-systems","","","n/a","","","","","","n/a","n/a","","","","","","","",""
"226","term","multi-agent-ai","","","n/a","","","","","","n/a","n/a","","","","","","","",""
"237","term","hybrid-mesh-firewall","","","n/a","","","","","","n/a","n/a","","","","","","","",""
"13","term","phishing","","","n/a","","","","","","n/a","n/a","","","","","","","",""
"14","term","security-awareness","","","n/a","","","","","","n/a","n/a","","","","","","","",""
"16","term","patching","","","n/a","","","","","","n/a","n/a","","","","","","","",""
"17","term","risk","","","n/a","","","","","","n/a","n/a","","","","","","","",""
"18","term","risk-governance","","","n/a","","","","","","n/a","n/a","","","","","","","",""
"21","term","ransomware","","","n/a","","","","","","n/a","n/a","","","","","","","",""
"22","term","recovery","","","n/a","","","","","","n/a","n/a","","","","","","","",""
"36","term","solutions","","","n/a","","","","","","n/a","n/a","","","","","","","",""
"43","term","software","","","n/a","","","","","","n/a","n/a","","","","","","","",""
"57","term","privacy","","","n/a","","","","","","n/a","n/a","","","","","","","",""
"72","term","nicht-kategorisiert","","","n/a","","","","","","n/a","n/a","","","","","","","",""
"89","term","playbooks","","","n/a","","","","","","n/a","n/a","","","","","","","",""
"93","term","remote-work","","","n/a","","","","","","n/a","n/a","","","","","","","",""
"95","term","siem","","","n/a","","","","","","n/a","n/a","","","","","","","",""
"103","term","nis2","","","n/a","","","","","","n/a","n/a","","","","","","","",""
"106","term","ot-ics-security","","","n/a","","","","","","n/a","n/a","","","","","","","",""
"107","term","plc","","","n/a","","","","","","n/a","n/a","","","","","","","",""
"109","term","scada","","","n/a","","","","","","n/a","n/a","","","","","","","",""
"110","term","sme-digitalization","","","n/a","","","","","","n/a","n/a","","","","","","","",""
"114","term","process-orchestration","","","n/a","","","","","","n/a","n/a","","","","","","","",""
"119","term","rpa","","","n/a","","","","","","n/a","n/a","","","","","","","",""
"122","term","risk-management","","","n/a","","","","","","n/a","n/a","","","","","","","",""
"124","term","soc-automation","","","n/a","","","","","","n/a","n/a","","","","","","","",""
"129","term","nis2-compliance","","","n/a","","","","","","n/a","n/a","","","","","","","",""
"145","term","privacy-preserving-ai","","","n/a","","","","","","n/a","n/a","","","","","","","",""
"146","term","secure-ai-for-smes","","","n/a","","","","","","n/a","n/a","","","","","","","",""
"147","term","secure-ai-systems","","","n/a","","","","","","n/a","n/a","","","","","","","",""
"148","term","sme-compliance-solutions","","","n/a","","","","","","n/a","n/a","","","","","","","",""
"158","term","predictive-analytics","","","n/a","","","","","","n/a","n/a","","","","","","","",""
"159","term","projektmanagement-ki","","","n/a","","","","","","n/a","n/a","","","","","","","",""
"160","term","projektperformance-monitoring","","","n/a","","","","","","n/a","n/a","","","","","","","",""
"161","term","projektplanung-automatisierung","","","n/a","","","","","","n/a","n/a","","","","","","","",""
"162","term","projektsteuerung","","","n/a","","","","","","n/a","n/a","","","","","","","",""
"163","term","risikomanagement-2025","","","n/a","","","","","","n/a","n/a","","","","","","","",""
"168","term","security-compliance","","","n/a","","","","","","n/a","n/a","","","","","","","",""
"169","term","sme-solutions","","","n/a","","","","","","n/a","n/a","","","","","","","",""
"180","term","prozessoptimierung","","","n/a","","","","","","n/a","n/a","","","","","","","",""
"181","term","sales-intelligence","","","n/a","","","","","","n/a","n/a","","","","","","","",""
"191","term","process-automation","","","n/a","","","","","","n/a","n/a","","","","","","","",""
"192","term","rpa-integration","","","n/a","","","","","","n/a","n/a","","","","","","","",""
"203","term","process-mining","","","n/a","","","","","","n/a","n/a","","","","","","","",""
"204","term","roi-calculator","","","n/a","","","","","","n/a","n/a","","","","","","","",""
"205","term","sme-automation","","","n/a","","","","","","n/a","n/a","","","","","","","",""
"206","term","sme-digital-transformation","","","n/a","","","","","","n/a","n/a","","","","","","","",""
"213","term","security-compliance","","","n/a","","","","","","n/a","n/a","","","","","","","",""
"230","term","palo-alto-networks","","","n/a","","","","","","n/a","n/a","","","","","","","",""
"231","term","ngfw","","","n/a","","","","","","n/a","n/a","","","","","","","",""
"233","term","sase","","","n/a","","","","","","n/a","n/a","","","","","","","",""
"236","term","security-policy","","","n/a","","","","","","n/a","n/a","","","","","","","",""
"241","term","soc-monitoring","","","n/a","","","","","","n/a","n/a","","","","","","","",""
"1","term","uncategorized","","","n/a","","","","","","n/a","n/a","","","","","","","",""
"15","term","training","","","n/a","","","","","","n/a","n/a","","","","","","","",""
"19","term","vulnerability","","","n/a","","","","","","n/a","n/a","","","","","","","",""
"46","term","technology","","","n/a","","","","","","n/a","n/a","","","","","","","",""
"47","term","uncategorized-bg","","","n/a","","","","","","n/a","n/a","","","","","","","",""
"48","term","Ð°Ð³ÐµÐ½Ñ†Ð¸Ñ","","","n/a","","","","","","n/a","n/a","","","","","","","",""
"67","term","Ð¼Ð°ÑˆÐ¸Ð½Ð½Ð¾-Ð¾Ð±ÑƒÑ‡ÐµÐ½Ð¸Ðµ","","","n/a","","","","","","n/a","n/a","","","","","","","",""
"73","term","Ð°Ð½Ð°Ð»Ð¸Ð·-Ð½Ð°-Ð´Ð°Ð½Ð½Ð¸","","","n/a","","","","","","n/a","n/a","","","","","","","",""
"81","term","threat-detection","","","n/a","","","","","","n/a","n/a","","","","","","","",""
"85","term","zero-trust","","","n/a","","","","","","n/a","n/a","","","","","","","",""
"96","term","ueba","","","n/a","","","","","","n/a","n/a","","","","","","","",""
"101","term","vulnerability-management","","","n/a","","","","","","n/a","n/a","","","","","","","",""
"131","term","threat-intelligence","","","n/a","","","","","","n/a","n/a","","","","","","","",""
"139","term","unternehmenssicherheit","","","n/a","","","","","","n/a","n/a","","","","","","","",""
"149","term","trusted-ai-systems","","","n/a","","","","","","n/a","n/a","","","","","","","",""
"193","term","workflow-orchestration","","","n/a","","","","","","n/a","n/a","","","","","","","",""
"214","term","threat-detection-2","","","n/a","","","","","","n/a","n/a","","","","","","","",""
"215","term","varna-ai","","","n/a","","","","","","n/a","n/a","","","","","","","",""
"227","term","workflow-automation","","","n/a","","","","","","n/a","n/a","","","","","","","",""
"239","term","threat-prevention","","","n/a","","","","","","n/a","n/a","","","","","","","",""
"1","user","mark","","","n/a","","","","","","n/a","n/a","","","","","","","n/a","n/a"
"3","user","scott","","","n/a","","","","","","n/a","n/a","","","","","","","n/a","n/a"
"6","user","claude","","","n/a","","","","","","n/a","n/a","","","","","","","n/a","n/a"
